generic_name,brand_names,active_ingredients,nafdac_approved,nafdac_registration_number,nafdac_schedule,nafdac_schedule_date,us_dea_schedule,uk_controlled_drug_class,who_essential_medicine,requires_special_prescription,requires_physician_only,pharmacist_can_prescribe,maximum_days_supply,requires_photo_id,therapeutic_class,pharmacological_class,mechanism_of_action,is_controlled,is_high_risk,requires_monitoring,monitoring_type,monitoring_frequency_days,addiction_risk,abuse_potential,minimum_age,maximum_age,pregnancy_category,breastfeeding_safe,major_contraindications,allergy_cross_reactions,black_box_warning,black_box_warning_text,major_drug_interactions,food_interactions,search_keywords,generic_variations,common_misspellings,safer_alternatives,cheaper_alternatives,notes,is_active
Amoxicillin-Clavulanate,"Augmentin,Co-amoxiclav,Clavulin","Amoxicillin 500mg + Clavulanic Acid 125mg",true,A4-3001,unscheduled,,not_scheduled,not_controlled,true,false,true,true,14,false,Antibiotic,Beta-lactam + Beta-lactamase Inhibitor,Inhibits bacterial cell wall synthesis + protects from beta-lactamase,false,false,false,,,false,none,,,B,true,"Penicillin allergy,History of jaundice/hepatic dysfunction with amoxicillin-clavulanate","Penicillins,Cephalosporins (cross-reactivity 10%))",false,,"Warfarin (increased INR),Allopurinol (increased rash risk),Oral contraceptives (reduced effectiveness)","Take with food to reduce GI upset",augmentin|co-amoxiclav|amoxicillin clavulanate|broad spectrum antibiotic,Amoxicillin/Clavulanate|Co-amoxiclav,Augmentin|Amoxycillin,Amoxicillin alone (if susceptible),Amoxicillin (cheaper but narrower spectrum),Broader spectrum than amoxicillin alone. First-line for many infections in Nigeria.,true
Ampicillin,"Pentrexyl,Omnipen","Ampicillin 500mg",true,A4-3002,unscheduled,,not_scheduled,not_controlled,true,false,true,true,14,false,Antibiotic,Beta-lactam Penicillin,Inhibits bacterial cell wall synthesis,false,false,false,,,false,none,,,B,true,"Penicillin allergy,Infectious mononucleosis (causes rash)","Penicillins,Cephalosporins (10% cross-reactivity)",false,,"Allopurinol (increased rash),Oral contraceptives (reduced effectiveness),Warfarin (increased bleeding risk)","Take on empty stomach (1 hour before or 2 hours after meals)",ampicillin|pentrexyl|penicillin|bacterial infection,Ampicillin Trihydrate|Ampicillin Sodium,Ampicilin|Ampicillin,Amoxicillin (better absorption),Amoxicillin (preferred oral),Injectable form common in Nigerian hospitals. Less bioavailable than amoxicillin orally.,true
Benzylpenicillin,"Penicillin G,Crystapen","Benzylpenicillin Sodium 1MU",true,A4-3003,unscheduled,,not_scheduled,not_controlled,true,false,true,false,14,false,Antibiotic,Beta-lactam Penicillin,Inhibits bacterial cell wall synthesis,false,false,false,,,false,none,,,B,true,"Penicillin allergy","Penicillins,Cephalosporins",false,,"Probenecid (increased penicillin levels),Methotrexate (increased toxicity)",Not applicable (IV/IM only),penicillin g|benzylpenicillin|crystapen|injectable penicillin,Penicillin G|Benzylpenicillin Sodium,Benzylpenicillin|Penicillin G,Procaine Penicillin (longer acting IM),Procaine Penicillin,IV/IM only. Drug of choice for streptococcal infections. Essential in Nigerian hospitals.,true
Flucloxacillin,"Floxapen,Staphcillin","Flucloxacillin 500mg",true,A4-3004,unscheduled,,not_scheduled,not_controlled,false,false,true,true,14,false,Antibiotic,Beta-lactamase Resistant Penicillin,Inhibits cell wall synthesis (resistant to staphylococcal beta-lactamase),false,false,false,Liver function (if prolonged use),30,false,none,,,B,true,"Penicillin allergy,History of flucloxacillin-associated jaundice","Penicillins,Cephalosporins",false,,"Warfarin (increased bleeding risk),Methotrexate (increased toxicity)","Take on empty stomach (1 hour before or 2 hours after food)",flucloxacillin|floxapen|staphylococcal infection|skin infection,Flucloxacillin Sodium,Flucloxacillin|Floxapen,Dicloxacillin (not available in Nigeria),Cephalexin (broader spectrum),First-line for staphylococcal skin infections. Common in Nigeria for boils/abscesses.,true
Phenoxymethylpenicillin,"Penicillin V,Phenoxypenicillin","Phenoxymethylpenicillin 250mg",true,A4-3005,unscheduled,,not_scheduled,not_controlled,true,false,true,true,10,false,Antibiotic,Beta-lactam Penicillin,Inhibits bacterial cell wall synthesis,false,false,false,,,false,none,,,B,true,"Penicillin allergy","Penicillins,Cephalosporins",false,,"Warfarin (increased INR),Methotrexate (increased toxicity)","Take on empty stomach for best absorption",penicillin v|phenoxymethylpenicillin|oral penicillin|strep throat,Penicillin V|Phenoxymethylpenicillin Potassium,Penicillin V|Phenoxypenicillin,Amoxicillin (broader spectrum),Amoxicillin,Oral penicillin for streptococcal infections. Cheaper than amoxicillin.,true
Ceftriaxone,"Rocephin,Cefaxone","Ceftriaxone 1g",true,A4-3011,unscheduled,,not_scheduled,not_controlled,true,false,true,false,14,false,Antibiotic,3rd Generation Cephalosporin,Inhibits bacterial cell wall synthesis,false,false,false,,,false,none,,,B,true,"Cephalosporin allergy,Hyperbilirubinemic neonates,Concurrent IV calcium","Cephalosporins,Penicillins (10% cross-reactivity)",false,,"Calcium-containing IV solutions (precipitation risk),Warfarin (increased bleeding)","Not applicable (IV/IM only)",ceftriaxone|rocephin|third generation cephalosporin|broad spectrum,Ceftriaxone Sodium,Ceftriaxone|Rocephin,Cefotaxime (similar spectrum),Cefotaxime,Long half-life allows once-daily dosing. Widely used in Nigerian hospitals for severe infections.,true
Cefixime,"Suprax,Cefimax","Cefixime 400mg",true,A4-3012,unscheduled,,not_scheduled,not_controlled,false,false,true,true,7,false,Antibiotic,3rd Generation Cephalosporin,Inhibits bacterial cell wall synthesis,false,false,false,,,false,none,,,B,true,"Cephalosporin allergy","Cephalosporins,Penicillins (10% cross-reactivity)",false,,"Warfarin (increased bleeding risk),Carbamazepine (increased carbamazepine levels)","Take with or without food",cefixime|suprax|oral cephalosporin|urinary tract infection,Cefixime Trihydrate,Cefixime|Suprax,Cefpodoxime (similar spectrum),Amoxicillin-clavulanate (cheaper),Oral 3rd generation cephalosporin. Good for UTIs and gonorrhea.,true
Cefuroxime,"Zinacef,Ceftin","Cefuroxime 250mg",true,A4-3013,unscheduled,,not_scheduled,not_controlled,true,false,true,true,10,false,Antibiotic,2nd Generation Cephalosporin,Inhibits bacterial cell wall synthesis,false,false,false,,,false,none,,,B,true,"Cephalosporin allergy","Cephalosporins,Penicillins (10% cross-reactivity)",false,,"Warfarin (increased bleeding),Probenecid (increased cefuroxime levels)","Take oral form with food for better absorption",cefuroxime|zinacef|ceftin|respiratory infection,Cefuroxime Axetil (oral)|Cefuroxime Sodium (IV),Cefuroxime|Zinacef,Amoxicillin-clavulanate,Amoxicillin-clavulanate (cheaper),Good for respiratory and skin infections. Available oral and IV.,true
Cefalexin,"Keflex,Ceporex","Cefalexin 500mg",true,A4-3014,unscheduled,,not_scheduled,not_controlled,true,false,true,true,14,false,Antibiotic,1st Generation Cephalosporin,Inhibits bacterial cell wall synthesis,false,false,false,,,false,none,,,B,true,"Cephalosporin allergy","Cephalosporins,Penicillins (10% cross-reactivity)",false,,"Warfarin (increased bleeding),Metformin (increased metformin levels)","Take with or without food",cefalexin|cephalexin|keflex|skin infection|urinary tract infection,Cephalexin|Cefalexin,Cefalexin|Keflex|Cephalexin,Amoxicillin (if susceptible),Amoxicillin,Widely used for skin and soft tissue infections in Nigeria.,true
Cefpodoxime,"Vantin,Orelox","Cefpodoxime Proxetil 200mg",true,A4-3015,unscheduled,,not_scheduled,not_controlled,false,false,true,true,10,false,Antibiotic,3rd Generation Cephalosporin,Inhibits bacterial cell wall synthesis,false,false,false,,,false,none,,,B,true,"Cephalosporin allergy","Cephalosporins,Penicillins (10% cross-reactivity)",false,,"Antacids (reduced absorption),H2 blockers (reduced absorption)","Take with food for better absorption",cefpodoxime|vantin|oral cephalosporin|respiratory infection,Cefpodoxime Proxetil,Cefpodoxime|Vantin,Cefixime,Amoxicillin-clavulanate,Good oral alternative to injectable cephalosporins.,true
Ceftazidime,"Fortum,Tazicef","Ceftazidime 1g",true,A4-3016,unscheduled,,not_scheduled,not_controlled,true,false,true,false,14,false,Antibiotic,3rd Generation Cephalosporin,Inhibits bacterial cell wall synthesis (anti-pseudomonal),false,false,false,,,false,none,,,B,true,"Cephalosporin allergy","Cephalosporins,Penicillins",false,,"Aminoglycosides (potential nephrotoxicity),Chloramphenicol (antagonism)","Not applicable (IV/IM only)",ceftazidime|fortum|pseudomonas|hospital infection,Ceftazidime Pentahydrate,Ceftazidime|Fortum,Cefepime (4th generation),Piperacillin-tazobactam,Important for Pseudomonas infections in Nigerian hospitals.,true
Cefotaxime,"Claforan","Cefotaxime 1g",true,A4-3017,unscheduled,,not_scheduled,not_controlled,true,false,true,false,14,false,Antibiotic,3rd Generation Cephalosporin,Inhibits bacterial cell wall synthesis,false,false,false,,,false,none,,,B,true,"Cephalosporin allergy","Cephalosporins,Penicillins",false,,"Warfarin (increased bleeding),Probenecid (increased cefotaxime levels)","Not applicable (IV/IM only)",cefotaxime|claforan|meningitis|sepsis,Cefotaxime Sodium,Cefotaxime|Claforan,Ceftriaxone (longer half-life),Ceftriaxone,Alternative to ceftriaxone with similar spectrum.,true
Ceftolozane-Tazobactam,"Zerbaxa","Ceftolozane 1g + Tazobactam 0.5g",true,A4-3018,unscheduled,,not_scheduled,not_controlled,false,false,true,false,14,false,Antibiotic,Cephalosporin + Beta-lactamase Inhibitor,Inhibits cell wall + protects from beta-lactamase,false,true,true,Renal function,7,false,none,,,B,false,"Cephalosporin allergy","Cephalosporins,Penicillins",false,,"None significant",Not applicable (IV only),ceftolozane|tazobactam|zerbaxa|resistant gram negative|MDR,Ceftolozane/Tazobactam,Zerbaxa,Ceftazidime-avibactam,Ceftazidime-avibactam,Reserved for multidrug-resistant infections. Expensive but effective.,true
Azithromycin,"Zithromax,Azithral","Azithromycin 500mg",true,A4-3021,unscheduled,,not_scheduled,not_controlled,true,false,true,true,5,false,Antibiotic,Macrolide,Inhibits bacterial protein synthesis (50S ribosomal subunit),false,false,false,,,false,none,,,B,true,"Macrolide allergy,History of cholestatic jaundice with azithromycin","Other macrolides",false,,"Warfarin (increased INR),Digoxin (increased digoxin levels),Statins (myopathy risk),QT-prolonging drugs","Take on empty stomach or with food",azithromycin|zithromax|z-pack|respiratory infection|STI,Azithromycin Dihydrate,Azithromycin|Zithromax,Clarithromycin,Erythromycin (cheaper but more side effects),Long half-life allows short courses (3-5 days). Popular in Nigeria.,true
Erythromycin,"Erythrocin,Eryc","Erythromycin 500mg",true,A4-3022,unscheduled,,not_scheduled,not_controlled,true,false,true,true,14,false,Antibiotic,Macrolide,Inhibits bacterial protein synthesis (50S ribosomal subunit),false,false,false,,,false,none,,,B,true,"Macrolide allergy,Concurrent use with ergot alkaloids or pimozide","Other macrolides",false,,"Warfarin (increased INR),Theophylline (increased levels),Carbamazepine (increased levels),Statins (myopathy risk),QT-prolonging drugs","Take with food to reduce GI upset",erythromycin|erythrocin|macrolide|penicillin alternative,Erythromycin Stearate|Erythromycin Ethylsuccinate,Erythromycin|Erythrocin,Azithromycin (better tolerated),Azithromycin,Penicillin alternative. GI side effects common. Cheap and available in Nigeria.,true
Clarithromycin,"Klacid,Biaxin","Clarithromycin 500mg",true,A4-3023,unscheduled,,not_scheduled,not_controlled,true,false,true,true,14,false,Antibiotic,Macrolide,Inhibits bacterial protein synthesis (50S ribosomal subunit),false,false,false,,,false,none,,,B,true,"Macrolide allergy,Concurrent QT-prolonging drugs,History of QT prolongation","Other macrolides",false,,"Warfarin (increased INR),Statins (myopathy risk),Theophylline (increased levels),Digoxin (increased levels),QT-prolonging drugs","Take with or without food",clarithromycin|klacid|biaxin|h pylori|respiratory infection,Clarithromycin base,Clarithromycin|Klacid,Azithromycin,Erythromycin (cheaper),Better tolerated than erythromycin. Used in H. pylori eradication.,true
Roxithromycin,"Rulid,Roxid","Roxithromycin 150mg",true,A4-3024,unscheduled,,not_scheduled,not_controlled,false,false,true,true,10,false,Antibiotic,Macrolide,Inhibits bacterial protein synthesis (50S ribosomal subunit),false,false,false,,,false,none,,,B,true,"Macrolide allergy","Other macrolides",false,,"Warfarin (increased INR),Ergot alkaloids (ergotism),QT-prolonging drugs","Take before meals",roxithromycin|rulid|macrolide|respiratory infection,Roxithromycin base,Roxithromycin|Rulid,Azithromycin,Erythromycin,Less commonly used than azithromycin in Nigeria but available.,true
Ciprofloxacin,"Cipro,Ciprofloxacin","Ciprofloxacin 500mg",true,A4-3031,unscheduled,,not_scheduled,not_controlled,true,false,true,true,14,false,Antibiotic,Fluoroquinolone,Inhibits DNA gyrase and topoisomerase IV,false,true,true,Tendon pain (risk of rupture),14,false,none,18,60,C,false,"Tendon disorders,Myasthenia gravis (worsening),QT prolongation,Seizure disorders","Other fluoroquinolones",true,"Risk of tendon rupture (especially Achilles), peripheral neuropathy, QT prolongation, CNS effects, aortic aneurysm risk. Avoid in children and elderly due to cartilage/tendon damage.","Warfarin (increased INR),Theophylline (increased levels),NSAIDs (increased seizure risk),Dairy products/antacids (reduced absorption),Tizanidine (contraindicated)","Avoid dairy products, take 2 hours before or 6 hours after antacids",ciprofloxacin|cipro|fluoroquinolone|urinary tract infection|traveler's diarrhea,Ciprofloxacin Hydrochloride,Ciprofloxacin|Cipro,Levofloxacin (fewer side effects),Trimethoprim-sulfamethoxazole (for UTIs),Widely used in Nigeria but significant side effects. FDA black box warnings for tendon/nerve damage.,true
Levofloxacin,"Levaquin,Tavanic","Levofloxacin 500mg",true,A4-3032,unscheduled,,not_scheduled,not_controlled,true,false,true,true,14,false,Antibiotic,Fluoroquinolone,Inhibits DNA gyrase and topoisomerase IV,false,true,true,Tendon pain,14,false,none,18,60,C,false,"Tendon disorders,Myasthenia gravis,QT prolongation,Seizure disorders","Other fluoroquinolones",true,"Risk of tendon rupture, peripheral neuropathy, QT prolongation, CNS effects, aortic aneurysm. FDA black box warnings.","Warfarin (increased INR),NSAIDs (seizure risk),Antacids (reduced absorption),QT-prolonging drugs","Avoid antacids 2 hours before/after",levofloxacin|levaquin|tavanic|pneumonia|fluoroquinolone,Levofloxacin Hemihydrate,Levofloxacin|Levaquin,Azithromycin (for respiratory infections),Amoxicillin-clavulanate,More expensive than ciprofloxacin but better respiratory coverage.,true
Moxifloxacin,"Avelox,Vigamox","Moxifloxacin 400mg",true,A4-3033,unscheduled,,not_scheduled,not_controlled,false,false,true,true,10,false,Antibiotic,Fluoroquinolone,Inhibits DNA gyrase and topoisomerase IV,false,true,true,QT interval monitoring,7,false,none,18,60,C,false,"QT prolongation,Myasthenia gravis,Tendon disorders,Seizure disorders","Other fluoroquinolones",true,"Similar black box warnings as other fluoroquinolones. Higher risk of QT prolongation than ciprofloxacin. Hepatotoxicity risk.","Warfarin (increased INR),QT-prolonging drugs (arrhythmias),Antacids (reduced absorption),NSAIDs (seizure risk)","Avoid antacids 4 hours before/after",moxifloxacin|avelox|fluoroquinolone|respiratory infection|tuberculosis,Moxifloxacin Hydrochloride,Moxifloxacin|Avelox,Levofloxacin,Levofloxacin,Reserved for serious infections. Expensive. Used in MDR-TB regimens in Nigeria.,true
Ofloxacin,"Tarivid,Floxin","Ofloxacin 400mg",true,A4-3034,unscheduled,,not_scheduled,not_controlled,true,false,true,true,14,false,Antibiotic,Fluoroquinolone,Inhibits DNA gyrase and topoisomerase IV,false,true,true,Tendon pain,14,false,none,18,60,C,false,"Tendon disorders,Myasthenia gravis,QT prolongation,Seizure disorders","Other fluoroquinolones",false,,"Warfarin (increased INR),Antacids (reduced absorption),NSAIDs (seizure risk)","Avoid antacids 2 hours before/after",ofloxacin|tarivid|fluoroquinolone|eye drops|urinary tract infection,Ofloxacin base,Ofloxacin|Tarivid,Ciprofloxacin,Ciprofloxacin,Also available as eye/ear drops. Less commonly used systemically in Nigeria.,true
Doxycycline,"Vibramycin,Doxycycline","Doxycycline Hyclate 100mg",true,A4-3041,unscheduled,,not_scheduled,not_controlled,true,false,true,true,14,false,Antibiotic,Tetracycline,Inhibits bacterial protein synthesis (30S ribosomal subunit),false,false,false,,,false,none,8,,D,false,"Pregnancy (tooth discoloration in fetus),Children under 8 years (permanent tooth staining),Esophageal disorders","Tetracyclines",false,,"Warfarin (increased INR),Oral contraceptives (reduced effectiveness),Antacids/dairy (reduced absorption),Retinoids (increased intracranial pressure)","Avoid dairy products, take with full glass of water, stay upright 30 min after",doxycycline|vibramycin|malaria prophylaxis|acne|STI,Doxycycline Hyclate|Doxycycline Monohydrate,Doxycycline|Vibramycin,Azithromycin (for STIs),Tetracycline (less bioavailable),Widely used in Nigeria for malaria prophylaxis and acne. Once or twice daily dosing.,true
Tetracycline,"Tetracycline,Sumycin","Tetracycline HCl 250mg",true,A4-3042,unscheduled,,not_scheduled,not_controlled,true,false,true,true,14,false,Antibiotic,Tetracycline,Inhibits bacterial protein synthesis (30S ribosomal subunit),false,false,false,,,false,none,8,,D,false,"Pregnancy,Children under 8 years,Renal impairment","Tetracyclines",false,,"Warfarin (increased INR),Oral contraceptives (reduced effectiveness),Antacids/dairy (reduced absorption),Iron supplements (reduced absorption)","Take on empty stomach, avoid dairy 2 hours before/after",tetracycline|sumycin|acne|h pylori,Tetracycline Hydrochloride,Tetracycline|Sumycin,Doxycycline (better bioavailability),Doxycycline,Cheaper than doxycycline but less bioavailable. Four times daily dosing.,true
Tigecycline,"Tygacil","Tigecycline 50mg",true,A4-3043,unscheduled,,not_scheduled,not_controlled,false,false,true,false,14,false,Antibiotic,Glycylcycline,Inhibits bacterial protein synthesis (30S ribosomal subunit),false,true,true,Liver function,7,false,none,18,,D,false,"Pregnancy,Tetracycline hypersensitivity","Tetracyclines",true,"Increased mortality risk compared to other antibiotics in clinical trials. Reserved for serious infections when alternatives unavailable.","Warfarin (monitoring required)","Not applicable (IV only)",tigecycline|tygacil|multidrug resistant|hospital infection,Tigecycline base,Tigecycline|Tygacil,Linezolid,Linezolid,Reserved for MDR infections. IV only. Black box warning. Expensive.,true
Gentamicin,"Garamycin,Cidomycin","Gentamicin 80mg/2ml",true,A4-3051,unscheduled,,not_scheduled,not_controlled,true,false,true,false,14,false,Antibiotic,Aminoglycoside,Inhibits bacterial protein synthesis (30S ribosomal subunit),false,true,true,Renal function and hearing,7,false,none,,,D,false,"Myasthenia gravis,Pregnancy (ototoxicity/nephrotoxicity in fetus)","Aminoglycosides",false,,"Loop diuretics (increased ototoxicity),Vancomycin (increased nephrotoxicity),Amphotericin B (increased nephrotoxicity),Neuromuscular blockers (enhanced paralysis)","Not applicable (IV/IM only)",gentamicin|garamycin|aminoglycoside|sepsis|gram negative,Gentamicin Sulfate,Gentamicin|Garamycin,Tobramycin (less nephrotoxic),Amikacin,Narrow therapeutic window. Requires monitoring. Common in Nigerian hospitals for serious infections.,true
Amikacin,"Amikin","Amikacin 500mg",true,A4-3052,unscheduled,,not_scheduled,not_controlled,true,false,true,false,14,false,Antibiotic,Aminoglycoside,Inhibits bacterial protein synthesis (30S ribosomal subunit),false,true,true,"Renal function, Hearing",7,false,none,,,D,false,"Aminoglycoside allergy,Myasthenia gravis","Aminoglycosides",false,,"Loop diuretics (ototoxicity),Vancomycin (nephrotoxicity),Amphotericin B (nephrotoxicity),Neuromuscular blockers","Not applicable (IV/IM only)",amikacin|amikin|aminoglycoside|resistant gram negative,Amikacin Sulfate,Amikacin|Amikin,Gentamicin (if susceptible),Gentamicin,Reserved for aminoglycoside-resistant infections. More expensive than gentamicin.,true
Metronidazole,"Flagyl,Metrogyl","Metronidazole 400mg",true,A4-3061,unscheduled,,not_scheduled,not_controlled,true,false,true,true,14,false,Antibiotic,Nitroimidazole,Disrupts DNA in anaerobic organisms and protozoa,false,false,false,,,false,none,,,B,false,"Alcohol use (disulfiram reaction),First trimester pregnancy (avoid if possible),Hypersensitivity to nitroimidazoles","Other nitroimidazoles",false,,"Warfarin (increased INR),Lithium (increased lithium levels),Disulfiram (psychotic reactions),Alcohol (severe disulfiram-like reaction)","Avoid alcohol during treatment and 48 hours after (severe reaction)",metronidazole|flagyl|anaerobic infection|giardiasis|trichomoniasis|bacterial vaginosis,Metronidazole base,Metronidazole|Flagyl,Tinidazole (fewer doses),Tinidazole,Essential for anaerobic and protozoal infections. Avoid alcohol completely. Common in Nigeria.,true
Clindamycin,"Dalacin,Cleocin","Clindamycin 300mg",true,A4-3062,unscheduled,,not_scheduled,not_controlled,true,false,true,true,14,false,Antibiotic,Lincosamide,Inhibits bacterial protein synthesis (50S ribosomal subunit),false,true,true,Diarrhea (C. difficile risk),14,false,none,,,B,false,"History of C. difficile colitis,Hypersensitivity to lincosamides","Lincomycin",true,"Risk of C. difficile-associated diarrhea (CDAD) and pseudomembranous colitis. Discontinue if severe diarrhea develops.","Neuromuscular blockers (enhanced paralysis),Erythromycin (antagonism)","Take with full glass of water, can take with or without food",clindamycin|dalacin|anaerobic infection|dental infection|skin infection,Clindamycin Hydrochloride|Clindamycin Palmitate,Clindamycin|Dalacin,Metronidazole (for anaerobes),Metronidazole,Excellent for anaerobic infections and dental abscesses. Risk of C. diff colitis.,true
Cotrimoxazole,"Septrin,Bactrim,Co-trimoxazole","Sulfamethoxazole 800mg + Trimethoprim 160mg",true,A4-3063,unscheduled,,not_scheduled,not_controlled,true,false,true,true,14,false,Antibiotic,Sulfonamide + Dihydrofolate Reductase Inhibitor,Inhibits folic acid synthesis at two steps,false,false,false,,,false,none,6,,C,false,"Sulfonamide allergy,Severe renal impairment,Megaloblastic anemia due to folate deficiency,Pregnancy (especially first trimester)","Sulfonamides",false,,"Warfarin (increased INR),Methotrexate (increased toxicity),Phenytoin (increased levels),Oral hypoglycemics (hypoglycemia)","Take with full glass of water, maintain adequate hydration",cotrimoxazole|septrin|bactrim|trimethoprim-sulfamethoxazole|urinary tract infection|PCP prophylaxis,Trimethoprim-Sulfamethoxazole|Co-trimoxazole,Septrin|Bactrim|Cotrimoxazole,Nitrofurantoin (for UTIs),Nitrofurantoin (for uncomplicated UTIs),Cheap and widely available in Nigeria. First-line for many UTIs and PCP prophylaxis in HIV.,true
Nitrofurantoin,"Macrobid,Furadantin","Nitrofurantoin 100mg",true,A4-3064,unscheduled,,not_scheduled,not_controlled,false,false,true,true,7,false,Antibiotic,Nitrofuran,Damages bacterial DNA,false,false,true,Pulmonary symptoms (rare),30,false,none,,,B,false,"Renal impairment (CrCl <30 ml/min),Pregnancy at term (risk of hemolytic anemia in newborn),G6PD deficiency","Nitrofurans",false,,"Antacids (reduced absorption),Probenecid (increased nitrofurantoin levels and toxicity)","Take with food or milk to enhance absorption and reduce GI upset",nitrofurantoin|macrobid|urinary tract infection|cystitis,Nitrofurantoin Macrocrystals|Nitrofurantoin Monohydrate,Nitrofurantoin|Macrobid,Trimethoprim (for simple UTIs),Cotrimoxazole,Only effective for urinary tract infections (not systemic). Good for uncomplicated UTIs.,true
Vancomycin,"Vancocin","Vancomycin 500mg",true,A4-3071,unscheduled,,not_scheduled,not_controlled,true,false,true,false,14,false,Antibiotic,Glycopeptide,Inhibits bacterial cell wall synthesis,false,true,true,"Renal function, Hearing, Trough levels",7,false,none,,,C,false,"Hypersensitivity to vancomycin","Glycopeptides (teicoplanin)",false,,"Aminoglycosides (increased nephrotoxicity/ototoxicity),Loop diuretics (increased ototoxicity),Nephrotoxic drugs (increased nephrotoxicity)","Not applicable (IV only, oral for C. diff)",vancomycin|vancocin|MRSA|C difficile|gram positive,Vancomycin Hydrochloride,Vancomycin|Vancocin,Linezolid (oral option for MRSA),Teicoplanin (similar spectrum),Reserved for serious gram-positive infections including MRSA. Requires monitoring. Essential in Nigerian hospitals.,true
Linezolid,"Zyvox,Linospan","Linezolid 600mg",true,A4-3072,unscheduled,,not_scheduled,not_controlled,true,false,true,true,28,false,Antibiotic,Oxazolidinone,Inhibits bacterial protein synthesis (50S ribosomal subunit),false,true,true,"Complete blood count (myelosuppression), Peripheral neuropathy signs",14,false,none,,,C,false,"Concurrent MAOIs,Uncontrolled hypertension,Pheochromocytoma,Thyrotoxicosis","Oxazolidinones",false,,"MAOIs (hypertensive crisis),Serotonergic drugs (serotonin syndrome),Tyramine-rich foods (hypertensive crisis)","Avoid tyramine-rich foods (aged cheese, cured meats, fermented foods)",linezolid|zyvox|MRSA|VRE|resistant gram positive,Linezolid base,Linezolid|Zyvox,Vancomycin (IV),Vancomycin,Oral option for MRSA. Expensive but useful when IV access difficult. Myelosuppression risk with prolonged use.,true
Colistin,"Colomycin","Colistimethate Sodium 1MU",true,A4-3073,unscheduled,,not_scheduled,not_controlled,true,false,true,false,14,false,Antibiotic,Polymyxin,Disrupts bacterial cell membrane,false,true,true,"Renal function, Neuromuscular function",7,false,none,,,C,false,"Myasthenia gravis","Polymyxins",false,,"Aminoglycosides (increased nephrotoxicity),Neuromuscular blockers (enhanced paralysis),Nephrotoxic drugs","Not applicable (IV/inhaled)",colistin|colomycin|multidrug resistant|carbapenem resistant|acinetobacter,Colistimethate Sodium|Colistin Sulfate,Colistin|Colomycin,Tigecycline (for some MDR),Polymyxin B,Last-resort antibiotic for multidrug-resistant gram-negatives. Nephrotoxic. Essential for MDR in Nigeria.,true
Piperacillin-Tazobactam,"Tazocin,Zosyn","Piperacillin 4g + Tazobactam 0.5g",true,A4-3074,unscheduled,,not_scheduled,not_controlled,false,false,true,false,14,false,Antibiotic,Extended-spectrum Penicillin + Beta-lactamase Inhibitor,Inhibits cell wall + protects from beta-lactamase,false,false,false,,,false,none,,,B,true,"Penicillin allergy","Penicillins,Cephalosporins",false,,"Warfarin (increased INR),Probenecid (increased levels),Aminoglycosides (inactivation if mixed together)","Not applicable (IV only)",piperacillin-tazobactam|tazocin|zosyn|broad spectrum|hospital infection,Piperacillin/Tazobactam,Tazocin|Zosyn,Meropenem (if carbapenem-susceptible),Ceftriaxone (if susceptible),Broad-spectrum for serious hospital infections. Covers Pseudomonas. Common in Nigerian hospitals.,true
Meropenem,"Meronem,Merrem","Meropenem 1g",true,A4-3075,unscheduled,,not_scheduled,not_controlled,true,false,true,false,14,false,Antibiotic,Carbapenem,Inhibits bacterial cell wall synthesis (broad spectrum),false,true,true,Seizure risk (especially in renal impairment),7,false,none,,,B,true,"Carbapenem allergy","Carbapenems,Penicillins (some cross-reactivity)",false,,"Valproic acid (significantly reduced valproate levels - seizure risk),Probenecid (increased meropenem levels)","Not applicable (IV only)",meropenem|meronem|carbapenem|ESBL|multidrug resistant,Meropenem Trihydrate,Meropenem|Meronem,Imipenem (slightly narrower spectrum),Imipenem-cilastatin,Broad-spectrum carbapenem for serious infections. Reserved for ESBL and other resistant organisms in Nigeria.,true
Imipenem-Cilastatin,"Primaxin","Imipenem 500mg + Cilastatin 500mg",true,A4-3076,unscheduled,,not_scheduled,not_controlled,true,false,true,false,14,false,Antibiotic,Carbapenem + Renal Dehydropeptidase Inhibitor,Inhibits cell wall + protects from renal metabolism,false,true,true,"Seizure risk, Renal function",7,false,none,,,C,true,"Carbapenem allergy,CNS disorders (increased seizure risk)","Carbapenems,Penicillins",false,,"Valproic acid (reduced levels - seizure risk),Ganciclovir (increased seizure risk),Probenecid (increased imipenem levels)","Not applicable (IV only)",imipenem|primaxin|carbapenem|broad spectrum|sepsis,Imipenem/Cilastatin,Primaxin|Imipenem,Meropenem (lower seizure risk),Meropenem,Cilastatin prevents renal metabolism of imipenem. Higher seizure risk than meropenem.,true
Ertapenem,"Invanz","Ertapenem 1g",true,A4-3077,unscheduled,,not_scheduled,not_controlled,true,false,true,false,14,false,Antibiotic,Carbapenem,Inhibits bacterial cell wall synthesis,false,true,true,Seizure risk,7,false,none,,,B,true,"Carbapenem allergy","Carbapenems,Penicillins",false,,"Valproic acid (reduced levels - seizure risk),Probenecid (increased ertapenem levels)","Not applicable (IV/IM only)",ertapenem|invanz|carbapenem|ESBL|outpatient parenteral,Ertapenem Sodium,Ertapenem|Invanz,Meropenem (if Pseudomonas coverage needed),Meropenem,Long half-life allows once-daily dosing. No Pseudomonas coverage. Good for ESBL E. coli in Nigeria.,true
Chloramphenicol,"Chloromycetin","Chloramphenicol 250mg",true,A4-3078,unscheduled,,not_scheduled,not_controlled,true,false,true,true,14,false,Antibiotic,Amphenicol,Inhibits bacterial protein synthesis (50S ribosomal subunit),false,true,true,"Complete blood count (aplastic anemia risk), Gray baby syndrome in neonates",7,false,none,,,C,false,"Hypersensitivity to chloramphenicol,Bone marrow depression","None specific",true,"Risk of aplastic anemia (rare but fatal), Gray baby syndrome in neonates, bone marrow suppression. Use only when safer alternatives unavailable.","Warfarin (increased INR),Phenytoin (increased levels),Oral hypoglycemics (hypoglycemia),Rifampicin (reduced chloramphenicol levels)","Take on empty stomach (1 hour before or 2 hours after meals)",chloramphenicol|chloromycetin|typhoid fever|meningitis|aplastic anemia,Chloramphenicol Palmitate|Chloramphenicol Succinate,Chloramphenicol|Chloromycetin,Ceftriaxone (for typhoid),Azithromycin (for typhoid),Historical first-line for typhoid in Nigeria. Now reserved due to aplastic anemia risk. Still used for bacterial meningitis in some areas.,true
